<?xml version="1.0" encoding="UTF-8" ?>
<!DOCTYPE struts PUBLIC
"-//Apache Software Foundation//DTD Struts Configuration 2.0//EN"
"http://struts.apache.org/dtds/struts-2.0.dtd">
 
<struts>

	<package name="user" namespace="/User" extends="struts-default">
		<action name="Login">
			<result>pages/login.jsp</result>
		</action>
		<action name="Welcome" class="com.mkyong.user.action.WelcomeUserAction">
			<result name="SUCCESS">pages/welcome_user.jsp</result>
		</action>
	</package>
	
</struts>